settlement_date,rows,mean_demand_mw,naive_mae_mw,linear_mae_mw,nonlinear_mae_mw,neso_mae_mw,nonlinear_bias_mw,neso_bias_mw
2025-01-01,48,25428.42,2895.94,1748.29,2185.0,428.38,-666.16,3.04
2025-01-02,48,31568.19,6300.17,3322.02,5055.36,1227.08,-5055.36,-1106.17
2025-01-03,48,33567.67,4875.77,4733.13,5267.1,941.54,-5267.1,623.21
2025-01-04,48,32383.46,4054.04,3208.88,2058.12,646.52,-2032.77,604.35
2025-01-05,48,30737.35,4603.75,2219.74,2489.2,805.42,-2489.2,-531.75
2025-01-06,48,33264.29,6531.65,2384.01,2086.51,466.0,-1951.48,120.54
2025-01-07,48,35212.9,9952.12,4547.77,5514.05,1452.85,-5514.05,-1452.85
2025-01-08,48,37574.1,12145.69,5423.97,5662.31,680.71,-5662.31,-618.5
2025-01-09,48,37397.4,5829.21,3376.89,1935.47,616.15,-1934.92,-269.73
2025-01-10,48,37982.96,4415.29,3717.17,2949.6,420.17,-2949.6,-63.42
2025-01-11,48,35002.38,2618.92,2554.63,2938.82,374.65,-2938.82,15.19
2025-01-12,48,33482.23,2744.88,1853.97,1519.67,820.5,-1341.07,-790.54
2025-01-13,48,34414.33,1159.5,1822.2,999.44,506.98,176.03,-396.15
2025-01-14,48,34203.33,1086.98,1281.25,1201.88,831.12,295.98,831.12
2025-01-15,48,33223.65,4350.46,2122.36,2283.21,1496.96,2283.21,1496.96
2025-01-16,48,33553.31,3844.08,1923.49,1032.39,733.21,1014.37,725.79
2025-01-17,48,33305.5,4677.46,1588.48,1147.86,427.04,-246.77,-380.25
2025-01-18,48,32157.77,2849.73,1007.97,1778.48,834.42,-1337.05,-808.79
2025-01-19,48,32943.19,1250.5,1849.87,1891.93,712.42,-1359.48,-598.17
2025-01-20,48,35467.12,1110.92,1059.13,1317.49,761.48,-1272.4,676.48
2025-01-21,48,35305.42,1102.08,972.12,870.91,1154.75,64.11,1154.75
2025-01-22,48,35760.83,2537.19,341.63,1067.04,518.5,-1067.04,468.54
2025-01-23,48,34500.88,1057.81,1072.2,758.7,364.94,88.79,-81.81
2025-01-24,48,30776.71,2528.79,4374.98,3748.57,703.46,3748.57,526.08
2025-01-25,48,28926.52,3231.25,3530.07,2283.82,695.75,2168.37,415.62
2025-01-26,48,30080.23,2862.96,1043.75,1102.48,642.98,-214.71,-535.44
2025-01-27,48,31941.27,3525.85,2044.44,1343.27,438.08,1319.13,150.54
2025-01-28,48,32697.23,2608.19,2103.72,1267.45,858.1,1130.78,815.15
2025-01-29,48,32996.4,2764.44,1107.81,923.68,380.0,-551.36,241.96
2025-01-30,48,32867.04,2140.12,1561.61,1851.32,812.25,-217.59,-115.75
2025-01-31,48,33665.58,2888.88,1172.59,1802.27,607.96,-1800.0,563.21
2025-02-01,48,30295.98,1696.38,1666.76,1585.97,1160.4,-1141.84,-554.48
2025-02-02,48,28781.19,1909.0,2113.24,2260.71,682.48,2060.19,501.9
2025-02-03,48,32138.25,871.35,1159.24,1297.38,981.02,803.72,-928.35
2025-02-04,48,31266.02,1431.21,1407.85,1618.02,555.56,1427.76,-355.56
2025-02-05,48,33012.08,594.4,912.68,1218.18,308.48,-911.38,78.69
2025-02-06,48,33655.27,968.85,1982.89,2393.77,728.4,-2225.27,-594.94
2025-02-07,48,33651.54,412.83,1885.32,1836.1,978.79,-1771.32,-852.88
2025-02-08,48,32334.67,2058.56,2984.8,3134.72,658.6,-3105.42,-617.23
2025-02-09,48,30548.92,2004.44,1736.38,970.34,765.44,-706.14,-471.35
2025-02-10,48,34475.77,2589.15,2530.66,1619.1,683.17,-1118.81,-452.17
2025-02-11,48,35507.46,4241.44,3287.18,2900.98,773.31,-2900.98,-415.98
2025-02-12,48,35462.27,2450.19,2388.35,2067.85,799.9,-2067.85,-480.73
2025-02-13,48,35390.04,2012.19,2001.67,1281.86,864.48,-1281.86,-262.23
2025-02-14,48,34127.04,1114.29,1264.85,1152.91,809.19,-176.22,-217.15
2025-02-15,48,32454.02,620.35,1618.17,1414.69,598.08,-1307.39,-543.58
2025-02-16,48,30900.48,549.69,1720.92,726.02,431.83,-389.83,-300.25
2025-02-17,48,33901.4,2087.17,1066.68,1240.88,482.08,273.83,-11.46
2025-02-18,48,33231.15,2684.31,1432.17,1511.16,686.29,-46.23,-236.5
2025-02-19,48,33853.62,1608.65,1043.77,1346.42,1021.62,-750.52,-1020.96
2025-02-20,48,30210.38,5179.67,2949.45,2795.9,834.21,2550.06,-636.38
2025-02-21,48,28174.06,5952.98,4568.24,4676.42,747.52,4676.42,-528.77
2025-02-22,48,25736.52,6717.5,3532.6,2692.63,729.15,2658.36,392.35
2025-02-23,48,25997.94,4902.54,1768.18,1831.66,959.98,1737.15,-928.15
2025-02-24,48,28372.48,5528.92,2790.71,3401.7,916.5,3401.7,-93.62
2025-02-25,48,29579.17,3651.98,2356.97,2336.41,1872.94,2124.91,1872.94
2025-02-26,48,32072.21,1980.29,759.69,1359.66,650.23,-1185.19,418.98
2025-02-27,48,30890.71,2599.46,1580.97,1363.24,518.31,-680.59,454.65
2025-02-28,48,30948.12,3435.27,2335.79,2060.16,718.12,-22.03,355.08
2025-03-01,48,27907.58,2375.06,2167.78,1949.41,962.23,-456.91,676.6
2025-03-02,48,26875.75,3850.69,2572.18,2089.41,796.58,655.58,242.46
2025-03-03,48,29930.83,1978.44,1024.36,1202.76,638.81,367.62,396.4
2025-03-04,48,28832.52,1722.77,1841.52,2041.09,573.23,1930.32,434.77
2025-03-05,48,28011.06,4061.15,3010.74,2861.41,683.31,2861.41,-538.19
2025-03-06,48,27560.85,3329.85,1785.54,1392.9,734.83,1386.49,516.92
2025-03-07,48,28617.62,2609.62,850.98,1313.98,1491.5,-559.22,1451.29
2025-03-08,48,24021.08,3886.5,1667.75,1292.22,803.17,1206.96,776.29
2025-03-09,48,23949.65,2926.1,2025.13,2092.86,1259.12,1945.36,1231.21
2025-03-10,48,28392.88,2170.0,1554.78,1186.89,646.35,-207.97,-420.73
2025-03-11,48,29450.02,2022.04,1801.86,1680.09,520.0,-1133.64,455.67
2025-03-12,48,30448.9,2437.83,1543.45,1839.25,375.17,-1632.97,74.42
2025-03-13,48,31569.98,4009.12,2842.72,3082.65,551.46,-3082.65,-231.88
2025-03-14,48,31227.5,2609.88,2078.72,2258.23,821.92,-2258.23,706.12
2025-03-15,48,27986.19,3965.1,1721.82,1809.58,822.31,-1789.07,393.73
2025-03-16,48,27917.42,3967.77,2195.53,1866.29,478.92,-1866.29,-170.54
2025-03-17,48,31702.44,3309.56,2681.28,2619.71,1331.9,-2571.25,-1066.06
2025-03-18,48,28437.81,2559.83,1874.42,1824.94,1165.92,1312.15,640.88
2025-03-19,48,29404.48,1779.54,1979.04,2558.14,768.88,1407.33,611.33
2025-03-20,48,27158.81,4424.33,2037.27,1643.13,1053.79,1421.99,1014.33
2025-03-21,48,26754.29,4473.21,2341.15,1933.4,1128.9,1926.84,-1091.94
2025-03-22,48,25486.9,2499.29,1028.25,1399.39,987.56,-441.59,-973.56
2025-03-23,48,25949.33,2197.83,1649.45,1798.1,1273.04,-753.62,-1021.17
2025-03-24,48,27702.0,4000.44,1879.16,1803.75,821.54,1426.0,323.21
2025-03-25,48,28484.31,2690.62,954.1,950.71,348.98,378.63,149.31
2025-03-26,48,26989.6,2414.88,1789.95,1393.43,655.5,1234.97,145.92
2025-03-27,48,26108.31,1609.5,2248.92,1838.18,510.17,1831.5,-469.0
2025-03-28,48,24557.52,2405.23,2755.48,2314.41,930.85,2259.5,712.1
2025-03-29,48,22868.21,2732.31,2403.65,1680.98,633.96,1417.77,163.67
2025-03-30,46,20736.76,5316.89,3608.93,3715.36,1265.2,3715.36,608.5
2025-03-31,48,25820.85,1883.69,1893.57,2349.94,1022.69,2274.52,959.44
2025-04-01,46,24494.72,4167.24,2880.89,3143.34,1559.78,2922.8,1449.43
2025-04-02,48,24003.02,2986.58,3089.25,2891.77,1086.02,2891.77,695.77
2025-04-03,48,24389.94,2158.62,1401.78,1143.3,629.04,1056.45,160.54
2025-04-04,48,23854.58,1698.65,1406.72,1098.72,620.15,432.06,244.1
2025-04-05,48,20528.4,2759.4,2450.22,2704.34,683.15,2564.66,246.02
2025-04-06,46,20937.28,1584.13,2156.45,2203.63,492.48,1727.22,371.74
2025-04-07,48,24756.0,1166.6,819.29,1178.75,851.23,954.39,850.81
2025-04-08,48,25483.44,1127.33,814.86,687.68,671.12,-28.57,624.75
2025-04-09,48,25933.81,1961.46,616.89,703.84,285.56,-667.48,63.31
2025-04-10,48,25047.04,1167.9,1103.03,853.99,712.94,270.5,488.02
2025-04-11,48,23644.33,774.62,1358.84,1185.9,563.9,1152.02,259.06
2025-04-12,48,21950.54,1547.23,1002.65,699.1,480.27,211.2,-9.73
2025-04-13,46,21764.17,1769.24,1343.87,1314.64,619.98,-584.73,-368.5
2025-04-14,48,24547.73,1818.85,1370.24,1658.53,470.35,206.38,228.02
2025-04-15,48,27255.08,2712.65,2447.92,2735.12,569.98,-2313.24,-413.77
2025-04-16,48,24332.9,1662.62,1061.27,1102.64,730.77,935.21,661.98
2025-04-17,48,24419.73,1358.23,1575.34,1716.76,1076.52,1623.93,793.15
2025-04-18,48,23139.38,2100.75,2878.93,1508.71,868.48,-1310.18,83.98
2025-04-19,48,20978.94,1649.6,1111.87,1294.67,824.44,792.84,-7.19
2025-04-20,48,20815.62,1132.06,1125.3,968.39,642.0,28.23,364.75
2025-04-21,48,23767.46,1345.1,2298.06,2391.58,334.02,-2391.58,-147.81
2025-04-22,48,24288.19,2966.9,1476.62,1541.72,1216.77,1529.4,1160.23
2025-04-23,48,26100.79,1785.56,1473.15,988.58,273.69,-609.76,-118.65
2025-04-24,48,25382.38,1142.94,815.47,973.66,675.77,-959.1,551.48
2025-04-25,48,24788.83,1652.75,732.14,865.52,458.9,301.79,-201.27
2025-04-26,48,22618.0,1643.6,888.68,659.54,755.29,-648.82,638.92
2025-04-27,48,19944.19,1094.65,2161.94,1792.74,478.29,1697.62,140.33
2025-04-28,48,22853.25,1767.21,2723.92,2786.95,483.75,2786.95,343.67
2025-04-29,48,23015.0,1572.65,1923.46,1900.33,710.77,1782.17,520.23
2025-04-30,48,22931.23,3225.31,2013.99,1891.68,443.08,1806.64,323.71
2025-05-01,48,23364.67,2021.29,617.75,742.27,374.52,382.25,85.02
2025-05-02,48,22247.46,2541.38,2005.85,1515.33,608.46,1511.06,426.62
2025-05-03,48,19626.88,2991.12,1941.55,1699.36,461.15,1573.76,136.65
2025-05-04,48,20133.21,1158.27,1179.35,727.69,907.31,-293.99,-735.81
2025-05-05,48,21759.17,1353.29,2097.62,1785.7,1020.38,-1426.95,-930.38
2025-05-06,48,24568.88,1616.38,1182.45,1560.18,644.25,-1560.18,-378.29
2025-05-07,48,24130.27,1218.88,938.77,875.51,850.81,-791.72,850.81
2025-05-08,48,24806.65,1470.1,867.91,908.82,826.83,-866.97,-707.96
2025-05-09,48,22468.54,691.0,1443.39,1228.32,691.21,524.44,414.54
2025-05-10,48,19402.75,877.42,2543.74,1846.19,806.29,1392.77,291.79
2025-05-11,48,19681.92,967.58,1382.22,975.41,597.75,53.43,-170.88
2025-05-12,48,22895.6,1296.81,1060.69,1281.78,854.06,-1255.54,703.65
2025-05-13,48,22178.94,2389.94,1365.52,1389.66,581.1,1317.7,373.6
2025-05-14,48,21761.75,2368.52,1652.07,1473.86,339.48,1390.09,35.77
2025-05-15,48,23209.71,1596.94,246.43,392.42,988.29,-119.93,-763.0
2025-05-16,48,21498.0,990.83,870.48,559.99,418.12,-7.81,96.46
2025-05-17,48,19789.56,878.1,1315.1,1098.61,542.88,-45.03,-378.04
2025-05-18,48,19645.02,643.31,884.71,624.06,584.04,-152.7,-489.12
2025-05-19,48,22973.65,442.71,1021.9,716.28,706.54,-203.28,-176.33
2025-05-20,48,22715.15,635.04,784.98,548.28,812.12,-91.18,802.71
2025-05-21,48,23198.23,1508.35,726.68,673.01,1059.17,-506.09,959.29
2025-05-22,48,23435.17,475.92,656.99,748.67,665.67,-665.49,491.96
2025-05-23,48,22265.98,1016.69,727.83,747.93,536.71,-568.97,426.54
2025-05-24,48,20676.58,2053.4,1316.51,1424.76,520.73,-835.72,-359.23
2025-05-25,48,16486.54,3158.48,2921.67,3013.97,842.31,3013.97,-723.15
2025-05-26,48,19023.54,3950.1,1458.12,1761.45,970.83,1391.45,-874.71
2025-05-27,48,23366.98,3275.83,3264.39,3349.23,454.92,-1560.72,237.75
2025-05-28,48,22451.46,905.4,1098.72,724.52,709.54,-597.34,351.83
2025-05-29,48,21787.56,1647.6,1790.68,1309.35,974.71,1175.16,-4.83
2025-05-30,48,21905.4,1201.42,593.28,1014.86,857.04,-346.62,582.38
2025-05-31,48,19448.25,1815.96,1499.37,1111.33,346.29,526.0,-103.79
2025-06-01,48,18343.44,1856.9,1204.94,1210.44,844.96,909.66,-828.92
2025-06-02,48,21211.98,2545.6,1529.2,1312.39,713.48,1160.88,-555.81
2025-06-03,48,21327.69,2317.08,1958.3,1912.54,565.54,1877.54,-372.75
2025-06-04,48,21332.06,1124.6,1263.35,1118.37,1050.25,1090.01,1039.25
2025-06-05,48,24513.52,2754.08,2349.52,2461.93,620.1,-2460.1,-106.48
2025-06-06,48,22180.02,832.62,812.88,634.7,866.96,-535.64,768.25
2025-06-07,48,21686.21,2329.71,1297.55,1132.02,689.42,-1120.69,328.21
2025-06-08,48,19681.31,1348.29,1573.68,1137.57,685.48,-631.4,108.94
2025-06-09,48,23284.58,2072.6,860.27,1066.41,497.85,-925.77,193.1
2025-06-10,48,22386.62,1149.6,1164.62,909.7,633.77,-22.18,555.85
2025-06-11,48,22344.71,1019.98,1253.52,964.03,425.81,320.58,-224.81
2025-06-12,48,23340.83,1308.48,892.39,813.63,782.81,-178.05,-693.1
2025-06-13,48,22268.06,988.67,903.73,816.13,682.83,-295.54,65.04
2025-06-14,48,19940.79,2003.71,1939.8,1318.54,552.56,822.49,329.85
2025-06-15,48,19021.12,963.85,1107.89,811.25,771.92,686.59,476.75
2025-06-16,48,22157.83,1525.79,962.56,830.47,418.19,284.78,-93.6
2025-06-17,48,22209.1,821.4,608.53,749.01,527.35,-129.68,289.81
2025-06-18,48,23095.98,781.48,942.59,861.5,461.0,-753.8,149.46
2025-06-19,48,23463.33,2044.92,1645.03,1557.41,598.17,-464.49,-490.33
2025-06-20,48,23654.29,1420.06,1186.59,1325.0,420.17,-1325.0,-66.58
2025-06-21,48,21978.44,2053.69,1556.4,998.68,401.21,-970.1,155.83
2025-06-22,48,19397.77,947.73,1329.12,841.83,416.04,542.34,219.0
2025-06-23,48,20495.08,1662.75,3194.78,2482.79,442.5,2482.79,102.79
2025-06-24,48,23105.98,1250.08,1071.87,1151.47,457.19,-836.35,-48.9
2025-06-25,48,24635.46,1650.19,2353.18,2233.21,536.04,-2229.91,96.58
2025-06-26,48,22336.52,1604.35,1540.09,1289.4,1002.06,1114.07,826.15
2025-06-27,48,21313.98,2340.31,2186.22,2308.07,709.33,2308.07,437.71
2025-06-28,48,19620.83,2357.6,1061.54,1589.91,567.23,1393.73,-226.81
2025-06-29,48,21375.17,2038.35,2289.2,2040.31,624.75,-2040.31,-579.5
2025-06-30,48,23721.0,3225.92,1633.78,2591.82,596.4,-2591.82,-496.27
2025-07-01,48,25870.4,2764.42,2025.37,2654.34,586.21,-2654.34,-159.21
2025-07-02,48,24086.67,2081.08,2206.0,2041.36,1310.27,98.97,482.69
2025-07-03,48,22122.48,1086.71,1976.32,2088.01,1007.88,2088.01,991.33
2025-07-04,48,20529.71,874.27,2326.81,2341.58,652.6,2341.58,630.6
2025-07-05,48,19776.4,1670.56,967.88,1218.61,755.52,955.14,724.19
2025-07-06,48,20945.0,799.0,1576.82,1054.61,432.88,-906.77,-333.54
2025-07-07,48,21301.15,2419.85,1645.8,1226.08,624.15,1140.31,535.35
2025-07-08,48,21799.02,4071.38,2853.7,3013.76,424.5,3013.76,-32.96
2025-07-09,48,23270.0,2224.42,915.06,1239.6,621.42,181.47,568.21
2025-07-10,48,23703.9,1581.42,1448.42,1657.26,288.71,-1657.26,-102.75
2025-07-11,48,23675.42,3145.71,1784.61,1962.02,262.6,-1962.02,103.15
2025-07-12,48,20616.92,2717.85,2093.53,1782.26,690.02,-239.42,294.27
2025-07-13,48,20567.65,1638.35,1616.76,1202.16,706.06,665.16,150.52
2025-07-14,48,22783.27,1484.83,1110.67,1028.62,788.23,-380.1,770.77
2025-07-15,48,22979.52,1930.08,1735.74,1605.93,889.4,469.82,881.98
2025-07-16,48,23529.15,646.27,903.05,1092.51,408.19,-15.35,347.31
2025-07-17,48,25215.0,1937.85,2071.81,2124.61,395.17,-2124.61,-214.75
2025-07-18,48,23987.25,983.96,1214.08,1024.42,378.5,-1022.22,-39.71
2025-07-19,48,23063.88,2964.38,2007.11,2097.66,495.02,-2080.1,-396.19
2025-07-20,48,21401.04,1759.02,1071.3,848.87,613.5,-324.77,-334.62
2025-07-21,48,23811.15,1166.75,631.03,1123.74,551.48,-1038.95,388.94
2025-07-22,48,24057.81,1078.29,783.87,1022.36,372.17,-969.7,81.25
2025-07-23,48,23711.77,661.33,474.14,368.22,421.94,94.63,310.1
2025-07-24,48,24076.65,1138.35,440.93,497.61,450.94,135.18,-364.48
2025-07-25,48,22122.79,1864.46,1517.38,1400.33,819.81,1380.48,337.52
2025-07-26,48,21109.81,1954.06,1040.13,934.68,400.9,249.22,-358.77
2025-07-27,48,20152.17,1250.96,735.89,950.49,406.73,629.79,325.77
2025-07-28,48,22265.71,1545.44,1496.72,1079.56,628.4,1025.66,494.1
2025-07-29,48,23940.21,381.48,635.52,390.69,624.04,-309.16,603.17
2025-07-30,48,23110.58,741.19,686.33,480.17,672.79,170.3,659.62
2025-07-31,48,23051.94,1066.04,1126.29,983.91,576.69,974.66,483.98
2025-08-01,48,22297.19,1144.85,627.15,681.78,540.75,505.73,-526.38
2025-08-02,48,20056.79,1055.98,1649.99,1566.56,501.88,1544.14,-351.46
2025-08-03,48,19791.21,560.17,979.37,766.1,1082.96,711.48,829.25
2025-08-04,48,21814.06,1498.56,1375.98,1328.45,601.92,755.25,-129.33
2025-08-05,48,19927.4,4012.81,3910.14,3866.88,755.06,3866.88,-754.06
2025-08-06,48,21658.65,1744.73,2023.37,1771.78,444.4,1156.41,-189.81
2025-08-07,48,22069.56,1001.88,324.56,478.55,363.35,147.42,39.1
2025-08-08,48,20696.02,1648.0,1410.86,1310.2,570.12,1265.76,496.17
2025-08-09,48,18178.73,1980.77,2402.63,2382.34,505.35,2251.1,-155.85
2025-08-10,48,19170.96,1618.5,1917.02,1603.57,466.67,517.2,-404.04
2025-08-11,48,23669.88,2481.56,1631.85,1866.86,637.33,-1606.22,-474.83
2025-08-12,48,24048.81,4121.42,1652.88,2104.93,483.5,-2104.93,225.62
2025-08-13,48,24922.71,3264.06,1673.49,1633.7,573.0,-1620.78,-546.04
2025-08-14,48,24519.79,2450.23,1254.27,1347.36,538.85,-1289.14,-192.02
2025-08-15,48,23224.12,2528.1,1029.43,990.24,517.71,-514.55,-129.83
2025-08-16,48,21343.77,3185.25,1194.62,1196.6,508.38,-1196.6,-102.62
2025-08-17,48,19131.6,398.31,1255.31,981.47,691.6,949.41,641.1
2025-08-18,48,24199.94,1499.9,1477.93,1263.89,709.62,-530.85,-259.88
2025-08-19,48,24158.83,1447.06,1925.36,1836.02,366.67,-1366.81,172.42
2025-08-20,48,23807.9,1203.06,573.54,751.94,1180.81,340.24,-1042.27
2025-08-21,48,23672.19,854.27,429.85,405.44,658.0,55.83,-395.58
2025-08-22,48,22926.44,879.27,494.79,388.09,482.1,-150.63,300.31
2025-08-23,48,21435.02,813.88,1153.7,956.95,504.29,-888.91,430.21
2025-08-24,48,20154.08,1169.73,670.83,565.84,333.1,-406.92,162.56
2025-08-25,48,18960.65,5239.29,2709.88,2730.96,446.44,2485.05,264.65
2025-08-26,48,22519.96,1766.33,1558.0,1390.26,379.88,1384.04,-40.62
2025-08-27,48,23172.81,807.21,1035.34,416.96,348.06,361.6,119.81
2025-08-28,48,22768.94,905.21,721.04,566.59,603.96,434.1,-295.04
2025-08-29,48,22892.83,740.65,708.72,789.59,652.19,-91.35,-195.35
2025-08-30,48,20522.27,932.67,864.51,839.65,643.23,578.33,-533.69
2025-08-31,48,18349.12,1804.96,1660.19,1543.19,811.02,1541.2,-753.73
2025-09-01,48,21994.94,3470.88,1403.55,2085.04,461.48,2065.1,-349.69
2025-09-02,48,24420.52,1924.9,1598.44,1380.55,552.38,-1296.16,-371.96
2025-09-03,48,24719.1,1630.5,1257.54,1386.67,757.27,-1293.41,-689.35
2025-09-04,48,24408.25,1658.77,639.92,711.71,687.15,-167.1,-53.4
2025-09-05,48,23144.1,1268.27,1176.97,1158.27,570.48,656.85,291.85
2025-09-06,48,20285.96,1520.6,1857.63,1469.34,639.46,1212.14,-293.96
2025-09-07,48,20948.08,2763.67,1884.2,1998.35,1104.58,-677.11,-1104.58
2025-09-08,48,22647.0,1057.19,901.81,730.59,709.08,-674.07,663.17
2025-09-09,48,23234.48,1504.96,1674.91,1364.74,592.35,928.86,92.56
2025-09-10,48,24141.27,1036.38,710.71,773.47,454.96,-30.95,-312.25
2025-09-11,48,22585.71,1822.54,1451.73,1111.27,837.02,1111.27,822.31
2025-09-12,48,22032.31,1111.79,1745.88,1654.24,993.02,1620.16,742.02
2025-09-13,48,20765.02,998.23,945.26,861.98,394.58,164.48,137.25
2025-09-14,48,22806.56,2144.69,2682.0,2379.25,774.62,-2198.42,-718.92
2025-09-15,48,22795.75,1447.88,1308.78,1251.05,908.62,-221.97,-908.62
2025-09-16,48,23598.83,1093.02,1875.15,1348.25,493.5,1189.68,-321.58
2025-09-17,48,25406.15,1299.33,1183.45,1381.02,538.29,-1270.41,-203.08
2025-09-18,48,24626.54,2067.25,1025.77,1035.46,848.38,-683.55,-754.62
2025-09-19,48,23779.19,1746.88,837.39,717.63,549.98,-108.51,136.19
2025-09-20,48,23406.27,3037.75,2121.49,2376.53,503.85,-2103.03,38.19
2025-09-21,48,21372.62,2489.77,1522.19,1564.8,966.52,776.91,572.44
2025-09-22,48,24613.71,2362.54,1919.73,1945.29,1020.88,-974.65,-355.25
2025-09-23,48,25750.29,2151.46,1129.47,1798.33,820.27,-1798.33,699.1
2025-09-24,48,26044.58,2126.48,868.14,957.11,485.15,-717.95,-406.77
2025-09-25,48,24695.33,2284.25,1442.0,1285.36,727.4,160.85,302.77
2025-09-26,48,26408.58,2629.4,1887.55,1810.63,685.98,-1810.63,-627.02
2025-09-27,48,23443.75,1068.94,1254.48,961.5,673.67,-870.07,-400.71
2025-09-28,48,23340.4,1967.77,992.48,775.02,802.65,-297.73,-713.27
2025-09-29,48,25941.29,1403.54,1049.14,1359.72,781.79,-1317.49,352.38
2025-09-30,48,25519.21,520.38,1022.63,689.96,625.02,76.2,201.02
2025-10-01,48,26212.4,1247.15,967.85,896.19,600.17,61.88,-98.21
2025-10-02,48,25543.19,2400.65,1501.11,1401.21,867.5,82.93,-774.5
2025-10-03,48,25236.65,2000.77,1859.16,1798.34,759.92,741.87,-705.54
2025-10-04,48,21091.38,2352.38,2317.57,2445.86,1229.85,2445.86,-1223.65
2025-10-05,48,21174.0,2225.19,2149.79,2004.86,494.85,1861.37,-355.56
2025-10-06,48,24306.9,1634.4,1426.2,1217.5,918.71,1133.61,675.0
2025-10-07,48,26258.15,1812.15,1545.38,1474.04,725.02,-310.68,55.31
2025-10-08,48,26906.98,774.12,1019.4,1235.62,585.19,-1102.46,-35.35
2025-10-09,48,26132.08,879.52,322.19,292.4,663.35,-21.39,-537.02
2025-10-10,48,27159.73,1944.71,821.82,698.9,968.9,-698.07,-940.27
2025-10-11,48,24890.6,3799.23,1950.22,1870.08,398.67,-1870.08,-11.67
2025-10-12,48,25317.48,4143.48,1978.3,1880.28,1236.96,-1880.28,-1109.83
2025-10-13,48,28377.54,4070.65,2218.75,2171.4,522.79,-2101.84,375.42
2025-10-14,48,29303.88,3045.73,1821.16,2037.37,513.12,-2030.04,-290.71
2025-10-15,48,29331.75,2424.77,1432.44,1553.06,883.0,-1553.06,-740.33
2025-10-16,48,29253.42,3121.33,1594.34,1467.03,610.25,-1467.03,-503.67
2025-10-17,48,28784.69,1624.96,1153.29,747.88,477.96,-660.4,-168.62
2025-10-18,48,25586.02,1220.92,1092.25,1029.65,953.52,-705.33,-832.77
2025-10-19,48,24759.17,1618.6,1393.72,1365.37,792.15,311.95,-732.65
2025-10-20,48,28411.67,503.0,1433.25,717.39,709.52,-526.42,-668.48
2025-10-21,48,27476.29,1827.58,1466.62,1375.45,370.81,1130.03,-29.77
2025-10-22,48,27880.44,1498.94,1005.32,1021.42,659.04,701.49,558.17
2025-10-23,48,28084.15,1182.4,497.06,609.54,426.25,-69.33,182.88
2025-10-24,48,27009.27,1839.08,948.34,1097.22,1090.85,1065.19,-141.65
2025-10-25,48,24197.73,1695.62,1313.52,1536.38,818.0,1328.64,-813.71
2025-10-26,48,25347.27,1093.56,1719.65,1109.17,733.92,-294.58,-151.75
2025-10-27,48,27322.56,1851.69,1932.99,1954.38,633.25,1197.45,206.12
2025-10-28,48,26729.92,1753.5,2048.4,2208.9,828.85,2103.05,562.19
2025-10-29,48,29372.08,1674.69,1084.68,1071.24,624.1,-975.21,-502.31
2025-10-30,48,29105.58,1720.65,2034.23,1925.93,493.31,-1096.61,-268.35
2025-10-31,48,26626.33,1821.6,1614.81,2056.33,749.6,2056.33,-76.6
2025-11-01,48,24090.15,1539.04,2609.32,2587.1,700.29,1949.52,-534.08
2025-11-02,48,25209.69,1288.71,1647.65,1367.69,1023.02,549.42,-1019.06
2025-11-03,48,27078.12,1315.65,2004.21,1643.79,705.21,1581.55,-587.54
2025-11-04,48,27821.42,1433.92,1839.89,1499.03,612.35,605.32,-125.48
2025-11-05,48,28624.08,869.12,902.75,1076.86,561.94,952.09,251.31
2025-11-06,48,29175.94,1167.4,396.52,585.14,391.79,406.13,148.83
2025-11-07,48,28761.77,2135.44,570.84,816.05,581.71,-433.99,248.67
2025-11-08,48,25673.04,1782.48,1141.18,573.44,419.96,21.18,175.83
2025-11-09,48,25993.62,1174.15,1058.67,889.91,437.83,611.31,-153.38
2025-11-10,48,29635.04,2556.92,1926.96,1274.64,480.04,-1074.21,318.12
2025-11-11,48,29255.56,1912.31,1514.27,1933.04,673.04,-380.08,605.0
2025-11-12,48,29564.75,1129.58,916.8,1016.67,525.42,994.21,-90.12
2025-11-13,48,28476.27,1237.75,1920.74,2010.83,737.65,1629.28,412.56
2025-11-14,48,28855.65,1030.67,1103.94,890.04,443.88,393.94,-177.62
2025-11-15,48,27436.46,1958.38,1350.07,1314.15,756.79,-1190.53,-493.12
2025-11-16,48,27970.44,1976.81,1478.87,1133.73,303.0,-1098.66,210.83
2025-11-17,48,31641.9,2301.9,2013.54,2216.47,660.25,-1283.04,359.04
2025-11-18,48,33769.58,4514.02,2803.83,2894.05,611.77,-2894.05,-487.6
2025-11-19,48,33323.38,3758.62,1928.03,1762.86,595.44,-1762.86,-377.77
2025-11-20,48,35044.21,6567.94,3298.14,2755.37,732.4,-2755.37,-607.02
2025-11-21,48,34552.19,5696.54,3227.13,3083.81,617.04,-3083.81,-161.5
2025-11-22,48,31798.83,4362.38,2251.08,2772.94,454.02,-2772.94,305.9
2025-11-23,48,29351.75,1443.85,1365.54,924.32,483.96,289.81,198.62
2025-11-24,48,33197.23,2219.96,1317.16,875.59,526.17,-4.67,-277.08
2025-11-25,48,34157.75,1200.0,1686.7,1268.9,665.46,-891.79,480.71
2025-11-26,48,34767.62,2108.67,1692.89,1614.77,747.65,-1403.11,-186.44
2025-11-27,48,30662.12,4382.08,3041.22,3003.41,920.67,3003.41,600.54
2025-11-28,48,29201.52,5350.67,4374.9,4417.8,705.98,4417.8,658.06
2025-11-29,48,29291.12,2507.71,582.03,658.04,602.48,-17.8,238.94
2025-11-30,48,29189.85,706.77,1493.46,1012.04,736.77,-822.24,163.85
2025-12-01,48,31680.58,1768.1,1868.42,1246.18,499.58,76.48,16.62
2025-12-02,48,32095.85,2061.9,1325.26,1154.32,379.08,1108.34,-66.88
2025-12-03,48,33043.06,1741.06,757.42,1500.53,409.69,-66.69,-74.1
2025-12-04,48,34042.83,3401.25,2446.62,2563.32,424.42,-2563.32,-109.83
2025-12-05,48,33105.77,3968.75,2400.72,2179.74,614.73,-1585.91,-93.81
2025-12-06,48,29358.44,465.31,1050.96,892.03,587.15,548.89,302.02
2025-12-07,48,29163.79,1692.9,1150.77,1160.01,641.56,1071.16,-58.94
2025-12-08,48,31095.0,1208.58,1081.49,1693.9,738.12,1693.9,-483.08
2025-12-09,48,30100.71,2227.85,2111.45,2108.58,446.15,2108.58,-186.65
2025-12-10,48,29648.4,3394.67,2466.38,1622.53,522.35,1619.54,-192.1
2025-12-11,48,30691.71,3351.12,591.14,730.69,381.92,-241.87,-190.62
2025-12-12,48,31454.92,1852.65,1414.46,1623.95,1166.56,-1623.95,1166.56
2025-12-13,48,27283.25,2116.6,1645.98,981.9,659.77,291.4,644.44
2025-12-14,48,26331.79,2832.0,2545.54,2849.64,461.31,2849.64,420.4
2025-12-15,48,32319.12,1562.67,2517.85,2325.69,334.17,-1805.85,-267.17
2025-12-16,48,33073.52,2972.81,2912.73,3262.43,473.0,-3262.43,308.25
2025-12-17,48,32014.83,2409.9,1430.94,1519.88,367.65,-533.75,189.73
2025-12-18,48,31831.9,1489.81,1362.81,1450.3,982.4,450.02,981.02
2025-12-19,48,29812.23,1793.56,1770.82,1803.02,518.83,1174.96,223.62
2025-12-20,48,28788.0,1504.75,1371.8,1350.49,314.65,-847.12,224.27
2025-12-21,48,28863.0,2531.21,2142.7,1766.61,507.79,-1714.83,149.21
2025-12-22,48,30737.1,1795.15,786.24,759.7,629.52,663.94,273.69
2025-12-23,48,31270.6,1840.46,947.36,828.33,651.12,646.72,455.5
2025-12-24,48,28727.0,3287.83,2029.93,1860.72,693.27,1860.72,23.6
2025-12-25,48,25394.35,6437.54,2695.75,1858.47,488.6,1693.63,352.48
2025-12-26,48,26056.88,3755.35,1466.61,1937.92,563.85,-1643.27,-123.81
2025-12-27,48,27954.1,1034.77,2307.51,1335.1,1742.9,-971.52,-1657.06
2025-12-28,48,28898.98,644.56,3094.29,2923.5,1037.35,-2923.5,-963.98
2025-12-29,48,30724.21,926.85,718.32,860.87,493.69,-214.84,-154.65
2025-12-30,48,30899.98,1641.54,1036.11,1370.88,397.67,676.23,-159.96
2025-12-31,48,30377.21,1650.21,1155.09,1289.67,1145.35,-87.03,-996.69
