calendar_month,rows,naive_mae_mw,linear_mae_mw,nonlinear_mae_mw,neso_mae_mw
1,1488,3694.99,2292.58,2204.3,721.3
2,1344,2566.18,2030.22,1931.96,782.72
3,1486,2971.66,1991.68,1926.07,840.0
4,1434,1847.27,1615.3,1550.08,674.72
5,1488,1585.74,1337.31,1220.28,695.27
6,1440,1678.01,1455.77,1349.02,618.71
7,1488,1665.48,1390.94,1372.13,588.93
8,1488,1766.41,1364.41,1300.73,577.49
9,1440,1787.0,1379.01,1344.1,698.68
10,1488,1961.39,1473.03,1428.08,720.63
11,1440,2387.65,1781.94,1662.42,613.8
12,1488,2237.48,1696.89,1639.06,621.75
