settlement_period,rows,naive_mae_mw,linear_mae_mw,nonlinear_mae_mw,neso_mae_mw
1,365,1532.87,1445.62,1171.66,410.34
2,365,1546.94,1422.75,1154.52,409.25
3,365,1569.19,1419.98,1137.84,404.16
4,365,1552.55,1393.56,1136.59,399.07
5,365,1550.21,1390.68,1140.41,419.31
6,365,1543.67,1366.79,1126.9,412.5
7,365,1581.0,1363.97,1138.83,419.87
8,365,1565.03,1329.79,1102.71,406.07
9,365,1575.21,1316.25,1118.0,394.38
10,365,1569.4,1283.99,1104.35,391.76
11,365,1545.45,1194.83,1067.29,395.72
12,365,1616.45,1141.82,1139.65,404.65
13,365,1683.34,1099.17,1184.62,479.38
14,365,1833.89,1264.96,1329.77,552.85
15,365,1975.83,1521.84,1348.81,619.7
16,365,2077.19,1671.59,1411.22,678.91
17,365,2166.44,1730.84,1448.17,634.6
18,365,2238.1,1714.57,1515.16,634.45
19,365,2388.61,1795.83,1654.15,698.24
20,365,2581.0,1878.98,1776.11,781.55
21,365,2817.47,2017.48,2015.26,905.01
22,365,2997.55,2161.23,2164.12,968.2
23,365,3135.18,2272.35,2308.46,1049.91
24,365,3174.88,2329.69,2426.94,1078.76
25,365,3238.62,2404.49,2487.47,1108.04
26,365,3237.21,2422.35,2498.91,1111.74
27,365,3209.16,2421.47,2505.57,1105.26
28,365,3174.13,2403.66,2481.49,1089.42
29,365,3191.37,2393.51,2483.95,1074.24
30,365,3117.19,2357.0,2440.72,1040.98
31,365,3029.47,2268.63,2321.3,998.94
32,365,2915.92,2154.52,2181.53,967.18
33,365,2697.87,2003.18,2002.11,950.43
34,365,2585.25,1901.13,1865.85,899.25
35,365,2409.33,1766.97,1722.4,821.34
36,365,2266.79,1668.93,1610.24,739.4
37,365,2086.61,1522.01,1444.35,666.74
38,365,1999.44,1424.12,1374.87,619.75
39,365,1924.41,1336.86,1292.75,628.17
40,365,1882.18,1294.19,1295.4,591.77
41,365,1842.7,1254.74,1228.23,575.69
42,365,1822.83,1235.96,1197.78,545.57
43,365,1815.74,1237.8,1233.07,537.98
44,365,1744.23,1223.05,1211.11,528.96
45,365,1730.1,1239.52,1208.47,535.78
46,365,1672.05,1229.4,1176.83,524.52
47,361,1619.65,1226.18,1143.09,473.22
48,361,1536.14,1206.38,1085.47,501.97
